timestamp,multiplier
2026-10-02 21:40:00,1.48
2026-10-02 21:40:20,2.38
2026-10-02 21:40:40,2.20
2026-10-02 21:41:00,1.72
2026-10-02 21:41:20,1.80
2026-10-02 21:41:40,12.74
2026-10-02 21:42:00,28.73
2026-10-02 21:42:20,1.29
2026-10-02 21:42:40,1.68
2026-10-02 21:43:00,5.34
2026-10-02 21:43:20,1.00
2026-10-02 21:43:40,1.80
2026-10-02 21:44:00,22.19
2026-10-02 21:44:20,1.84
2026-10-02 21:44:40,1.09
2026-10-02 21:45:00,1.10
2026-10-02 21:45:20,1.12
2026-10-02 21:45:40,21.03
2026-10-02 21:46:00,88.71
2026-10-02 21:46:20,8.52
2026-10-02 21:47:00,1.94
2026-10-02 21:47:20,1.29
2026-10-02 21:47:40,1.00
2026-10-02 21:40:00,1.48
2026-10-02 21:40:20,2.38
2026-10-02 21:40:40,2.20
2026-10-02 21:41:00,1.72
2026-10-02 21:41:20,1.80
2026-10-02 21:41:40,12.74
2026-10-02 21:42:00,28.73
2026-10-02 21:42:20,1.29
2026-10-02 21:42:40,1.68
2026-10-02 21:43:00,5.34
2026-10-02 21:43:20,1.00
2026-10-02 21:43:40,1.80
2026-10-02 21:44:00,22.19
2026-10-02 21:44:20,1.84
2026-10-02 21:44:40,1.09
2026-10-02 21:45:00,1.10
2026-10-02 21:45:20,1.12
2026-10-02 21:45:40,21.03
2026-10-02 21:46:00,88.71
2026-10-02 21:46:20,8.52
2026-10-02 21:47:00,1.94
2026-10-02 21:47:20,1.29
2026-10-02 21:47:40,1.00
2026-10-02 21:50:00,3.95
2026-10-02 21:50:20,2.65
2026-10-02 21:50:40,3.09
2026-10-02 21:51:00,1.94
2026-10-02 21:51:20,1.40
2026-10-02 21:51:40,3.73
2026-10-02 21:52:00,1.25
2026-10-02 21:52:20,3.13
2026-10-02 21:52:40,1.30
2026-10-02 21:53:00,1.00
2026-10-02 21:53:20,1.01
2026-10-02 21:53:40,67.40
2026-10-02 21:54:00,2.99
2026-10-02 21:54:20,1.03
2026-10-02 21:54:40,2.15
2026-10-02 21:55:00,2.82
2026-10-02 21:55:20,1.13
2026-10-02 21:55:40,2.92
2026-10-02 21:56:00,1.35
2026-10-02 21:56:20,1.04

